{
    "도원결의"    : "3",
    "상산 조자룡" : "2",
    "맹덕과 봉효" : "2",
    "오하아몽"    : "2",
    "하북대장군"  : "3",
    "강동이교"    : "2",
    "담소자약"    : "2",
    "하후형제"    : "2",
    "수어지교"    : "2",
    "왕좌지재"    : "2",
    "오관참육장"  : "2",
    "원가형제"    : "2",
    "량재녀모"    : "2",
    "폐월과 봉선" : "2",
    "와룡봉추"    : "2",
    "서량의 맹호" : "2",
    "생사지교" : "2",
    "12개의 흉터"  : "2",
    "양부양자"  : "2",
    "괄목상대"  : "2",
    "상서랑"    : "2",
    "개국공신"  : "2",
    "일기토"    : "2",
    "괄골요독"  : "2",
    "자승자박"  : "2",
    "마비산"    : "2",
    "무쌍여자"  : "2",
    "방압득봉"  : "2",
    "칠종칠금"  : "2",
    "남만부부"  : "2",
    "방촌지지"  : "2",
    "단금지교"  : "2",
    "절장결전"  : "2",
    "단금지계"  : "2",
    "병귀신속"  : "2",
    "사군이충"  : "2",
    "고육지계"  : "2",
    "재자가인"  : "2",
    "갈력진능"  : "2",  
    "분기충전"  : "2",
    "사생취의"  : "2",
    "부녀유친"  : "2",
    "경국지색"  : "2",
    "여인천하"  : "2",
    "명사수"  : "2",
    "천하모사"  : "2",
    "능대능소"  : "2",
    "백전노장"  : "2",
    "당동벌이"  : "2",
    "남만사나이"  : "2",
    "강동패왕"  : "2",
    "남만풍"  : "2",
    "백호지몽"  : "2",
    "삼인성호"  : "2",
    "번쾌와 악래"  : "2",
    "철벽 방어"  : "2",
    "서량의 명장"  : "2",
    "역전의 명수"  : "2",
    "강이자긍" : "2",
    "자유신교"  : "2",
    "무신불립"  : "2",
    "대의멸친"  : "2",
    "충간의담"  : "2",
    "오왕 손권"  : "1"
}