{
    "도원결의"    : "유비, 관우, 장비의 체력이 15% 증가" ,
    "상산 조자룡" : "공손찬, 조운의 무력이 10 증가" ,
    "맹덕과 봉효" : "조조, 곽가의 통솔력이 10 증가" ,
    "오하아몽"    : "주유, 여몽의 지력이 10 증가" ,
    "하북대장군"  : "원소, 문추, 안량의 물리공격력이 15% 증가" ,
    "강동이교"    : "대교, 소교의 지력이 10 증가" ,
    "담소자약"    : "감녕, 주유의 물리방어력이 10% 증가" ,
    "하후형제"    : "하후돈, 하후연의 물리공격력이 10% 증가" ,
    "수어지교"    : "유비, 제갈량의 지력이 10 증가" ,
    "왕좌지재"    : "조조, 순욱의 책략방어력이 10% 증가" ,
    "오관참육장"  : "조조, 관우의 무력이 10 증가" ,
    "원가형제"    : "원소, 원술의 물리방어력이 10% 증가" ,
    "량재녀모"    : "제갈량, 황월영의 책략방어력이 10% 증가" ,
    "폐월과 봉선"  : "초선, 여포의 순발력이 10 증가",
    "와룡봉추"  : "제갈량과 방통의 통솔력 10 증가",
    "서량의 맹호"  : "마등과 마초의 무력 10 증가",
    "생사지교"  : "감녕, 능통의 무력이 10 증가",
    "12개의 흉터"  : "손권, 주태의 체력이 10% 증가",
    "양부양자"  : "동탁과 여포의 체력이 10% 증가",
    "괄목상대"  : "여몽과 노숙의 지력이 10 증가",
    "상서랑"    : "사마의와 등애의 통솔력이 10 증가",
    "개국공신"  : "유비, 간손미의 물리방어력이 10% 증가",
    "일기토"    : "손책, 태사자의 무력 10 증가",
    "괄골요독"  : "관우와 화타를 방어력이 10% 상승",
    "자승자박"  : "곽가와 손책의 지력이 10 상승",
    "마비산"    : "조조와 화타의 지력이 10 상승",
    "무쌍여자"  : "관우와 장료의 무력이 10 상승",
    "방압득봉"  : "강유와 제갈량의 체력이 10% 상승",
    "칠종칠금"  : "맹획, 제갈량의 물리방어력 10% 증가",
    "남만부부"  : "맹획, 축융의 무력이 10 증가",
    "방촌지지"  : "유비, 서서의 순발력이 10 증가",
    "단금지교"  : "손책, 주유의 통솔력이 10 증가",
    "절장결전"  : "악진, 장료의 무력이 10 증가",
    "단금지계"  : "악진, 조조의 순발력이 10 증가",
    "병귀신속"  : "마량, 등애의 순발력이 10 증가",
    "사군이충"  : "허저, 순욱의 체력이 10% 증가",
    "고육지계"  : "주유, 황개의 지력이 10 증가",
    "재자가인"  : "초선, 장합의 지력이 10 증가",
    "갈력진능"  : "주태, 악진의 체력이 10% 증가",  
    "분기충전"  : "능통, 장료의 물리공격력이 10% 증가",
    "사생취의"  : "유비, 방통의 순발력이 10 증가",
    "부녀유친"  : "손노반, 손권의 물리방어력이 10% 증가",
    "경국지색"  : "손노반, 초선의 통솔력이 10 증가",
    "여인천하"  : "손노반, 손상향의 순발력이 10 증가",
    "명사수"  : "황충, 하후연의 순발력이 10 증가",
    "천하모사"  : "순욱, 곽가의 책략공격력이 10% 증가",
    "능대능소"  : "여몽, 육손의 체력이 10% 증가",
    "백전노장"  : "황개, 황충의 물리방어력이 10% 증가",
    "당동벌이"  : "사마가, 마량의 물리방어력이 10% 증가",
    "남만사나이"  : "사마가, 맹획의 체력이 10% 증가",
    "강동패왕"  : "엄백호, 손책의 순발력이 10 증가",
    "남만풍"  : "사마가, 축융의 무력이 10 증가",
    "백호지몽"  : "엄백호, 대교의 체력이 10% 증가",
    "삼인성호"  : "간손미, 엄백호의 책략방어력이 10% 증가",
    "번쾌와 악래"  : "허저, 전위의 무력 10 증가, 체력 5% 증가",
    "철벽 방어"  : "허저, 방덕의 물리 방어력이 10% 증가",
    "서량의 명장"  : "마초, 방덕의 체력이 10% 증가",
    "역전의 명수"  : "하후연, 방덕의 체력이 10% 증가",
    "강이자긍" : "포삼랑, 관우의 순발력 10 증가",
    "자유신교"  : "제갈근, 노숙의 체력이 10% 증가",
    "무신불립"  : "손권, 제갈근의 책략공격력이 10% 증가",
    "대의멸친"  : "제갈량, 제갈근의 순발력이 10 증가",
    "충간의담"  : "육손, 제갈근의 통솔력이 10 증가",
    "오왕 손권"  : "오나라 아군의 체력 10% 증가"
}