[
    {
        "id" : "00",
        "name" : "가후",
        "info" : "[1슬롯 / 청속성 / 책략병 / 위나라 / 가장 먼 적 / 사거리 : 34]",
        "slot" : 1,
        "color":"청",
        "country":"위",
        "type":"책",
        "love"  : [""],
        "skill" : "고유스킬 : 일반 공격 시, 대상과 속성이 같으면 15% 확률로 8초간 침묵 부여 ",
        "point" : "스킬사용시 기력소모량 : 66 ",
        "skill_b" : "B 스킬 : 공격력의 230%로 가장 먼 적 3명 타격",
        "skill_a" : "A 스킬 : 대상과 속성이 다르면 8초간 침묵 부여",
        "skill_s" : "S 스킬 : 대상의 공격력 12초간 62% 감소",
        "skill_point" : 66,
        "distance" : 34,
        "target" : "가장 먼 적"
    },
    {
        "id" : "01",
        "name" : "순욱",
        "info" : "[2슬롯 / 황속성 / 책략병 / 위나라 / 가장 먼 적 / 사거리 : 36 ]",
        "slot" : 2,
        "color":"황",
        "country":"위",
        "type":"책",
        "love"  : ["왕좌지재", "사군이충", "천하모사"],
        "skill" : "고유스킬 : 자신이 상태이상을 받으면 지속시간 90% 감소, 가까운 아군 2명이 받으면 지속시간 30% 감소",
        "point" : "스킬사용시 기력소모량 : 66",
        "skill_b" : "B 스킬 : 공격력의 220% 만큼 체력비율이 가장 낮은 아군 2명의 체력 회복",
        "skill_a" : "A 스킬 : 모든 아군의 상태이상 제거",
        "skill_s" : "S 스킬 : 모든 아군에게 14초간 디버프 면역 2회 부여 (모든 횟수 소진 시 면역 소멸)",
        "skill_point" : 66,
        "distance" : 36,
        "target" : "가장 먼 적"
    },
    {
        "id" : "02",
        "name" : "장합",
        "info" : "[2슬롯 / 적속성 / 검병 / 위나라 / 가까운 적 / 사거리 : 8 ]",
        "slot" : 2,
        "color":"적",
        "country":"위",
        "type":"검",
        "love"  : ["재자가인"],
        "skill" : "고유스킬 : 일반 공격 4회를 하거나 스킬을 쓰면 회피 기회 5를 얻는다",
        "point" : "스킬사용시 기력소모량 : 50",
        "skill_b" : "B 스킬 : 공격력의 300%로 가장 먼 적 1명 타격",
        "skill_a" : "A 스킬 : 대상이 책사면 공격력의 135%로 3단 추가 타격. 책사가 아니면 1단 추가 타격",
        "skill_s" : "S 스킬 : 대상에게 8초간 침묵 부여",
        "skill_point" : 50,
        "distance" : 8,
        "target" : "가까운 적"
    },
    {
        "id" : "03",
        "name" : "조조",
        "info" : "[2슬롯 / 적속성 / 검병 / 위나라 / 가까운 적 / 사거리 : 7 ]",
        "slot" : 2,
        "color":"청",
        "country":"위",
        "type":"검",
        "love"  : ["맹덕과 봉효", "왕좌지재", "오관참육장", "마비산", "단금지계"],
        "skill" : "고유스킬 : 디버프를 받으면, 90% 확률로 디버프를 건 상대도 디버프 적용 10% 확률로 적군 전체에게 디버프 적용 ​(조조끼리는 반계 미적용)",
        "point" : "스킬사용시 기력소모량 : 55",
        "skill_b" : "B 스킬 : 공격력의 255%로 가장 가까운 적 2명 타격",
        "skill_a" : "A 스킬 : 대상이 검병이나 창병이면 7초간 혼란 부여, 아니면 침묵 부여 (검병이나 창병이 아닐 시)",
        "skill_s" : "S 스킬 : 공격타입이 물리인 모든 아군의 모든방어력 12초간 45% 증가",
        "skill_point" : 55,
        "distance" : 7,
        "target" : "가까운 적"
    },
    {
        "id" : "04",
        "name" : "조창",
        "info" : "[2슬롯 / 적속성 / 창병 / 위나라 / 가까운 적 / 사거리 : 21 ]",
        "slot" : 2,
        "color":"적",
        "country":"위",
        "type":"창",
        "love"  : [""],
        "skill" : "고유스킬 : 일반 공격 시 (대상의 체력비율 x 0.75)% 만큼 피해량 증가",
        "point" : "스킬사용시 기력소모량 : 55",
        "skill_b" : "B 스킬 : 공격력의 270%로 공격력이 가장 높은 적 1명 타격 후 뒤로 크게 넉백",
        "skill_a" : "A 스킬 : 타격한 대상의 이동속도 12초간 80% 감소",
        "skill_s" : "S 스킬 : 타격한 대상의 모든방어력 12초간 55% 감소",
        "skill_point" : 55,
        "distance" : 21,
        "target" : "가까운 적"
    },
    {
        "id" : "05",
        "name" : "하후연",
        "info" : "[2슬롯 / 적속성 / 특수병 / 위나라 / 가까운 적 / 사거리 : 17 ]",
        "slot" : 2,
        "color":"적",
        "country":"위",
        "type":"특",
        "love"  : ["하후형제", "명사수", "역전의 명수"],
        "skill" : "고유스킬 : 적이 죽이면 공격속도 25%씩 증가 (최대75%)",
        "point" : "스킬사용시 기력소모량 : 67",
        "skill_b" : "B 스킬 : 공격력의 220%로 가장 가까운 적 3명 타격 후 넉백",
        "skill_a" : "A 스킬 : 12초간 공격속도와 이동속도 70% 증가",
        "skill_s" : "S 스킬 : 대상을 이기는 상성이면 공격력의 100%로 치명타 추가 타격",
        "skill_point" : 67,
        "distance" : 17,
        "target" : "가까운 적"
    },
    {
        "id" : "06",
        "name" : "하후돈",
        "info" : "[3슬롯 / 황속성 / 검병 / 위나라 / 가까운 적 / 사거리 : 8 ]",
        "slot" : 3,
        "color":"황",
        "country":"위",
        "type":"검",
        "love"  : ["하후형제"],
        "skill" : "고유스킬 : 스킬 시전 시 대상이 보호막을 보유하고 있으면 스킬 한번 더 발동 (스킬당 최대 1회)",
        "point" : "스킬사용시 기력소모량 : 50",
        "skill_b" : "B 스킬 : 공격력의 290%로 가장 가까운 적 1명 타격",
        "skill_a" : "A 스킬 : 대상이 디버프를 가지고 있으면 공격력의 320%로 추가 타격",
        "skill_s" : "S 스킬 : 대상에게 8초간 출혈 부여 (초당 최대 체력의 5% 피해)",
        "skill_point" : 50,
        "distance" : 8,
        "target" : "가까운 적"
    },
    {
        "id" : "07",
        "name" : "곽가",
        "info" : "[3슬롯 / 황속성 / 책략병 / 위나라 / 가까운 적 / 사거리 : 19 ]",
        "slot" : 3,
        "color":"황",
        "country":"위",
        "type":"책",
        "love"  : ["맹덕과 봉효", "자승자박", "천하모사"],
        "skill" : "전투시간 2초 당 책략공격력 1%씩 누적 증가 (최대 50%)",
        "point" : "스킬사용시 기력소모량 : 70",
        "skill_b" : "B 스킬 : 공격력의 140%로 모든 적 타격",
        "skill_a" : "A 스킬 : 모든 적의 공격속도와 이동속도 12초간 60% 감소",
        "skill_s" : "S 스킬 : 자신이 가진 버프와 디버프를 모두 소진하여, 모든 적에게 공격력의 100% x (버프&디버프 수 *0.25)로 추가타격 ",
        "skill_point" : 70,
        "distance" : 19,
        "target" : "가까운 적"
    },
    {
        "id" : "08",
        "name" : "허저",
        "info" : "[3슬롯 / 청속성 / 특수병 / 위나라 / 가까운 적 / 사거리 : 5 ]",
        "slot" : 3,
        "color":"청",
        "country":"위",
        "type":"특",
        "love"  : ["사군이충", "번쾌와 악래", "철벽 방어"],
        "skill" : "고유스킬 : 지는 상성이라도 추가 피해를 받지 않음",
        "point" : "스킬사용시 기력소모량 : 54",
        "skill_b" : "B 스킬 : 12초간 모든방어력이 70% 증가",
        "skill_a" : "A 스킬 : 최대 체력의 150% 만큼의 보호막을 자신에게 12초간 부여",
        "skill_s" : "S 스킬 : 자신에게 15초간 도발 부여",
        "skill_point" : 54,
        "distance" : 5,
        "target" : "가까운 적"
    },
    {
        "id" : "09",
        "name" : "사마의",
        "info" : "[3슬롯 / 황속성 / 책략병 / 위나라 / 가까운 적 / 사거리 : 22 ]",
        "slot" : 3,
        "color":"황",
        "country":"위",
        "type":"책",
        "love"  : ["상서랑"],
        "skill" : "고유스킬 : 9초 이상 아무런 피해를 받지 않는다면 공격력이 가장 높은 적 1명에게 스킬 시전 (9초마다 반복)",
        "point" : "스킬사용시 기력소모량 : 59",
        "skill_b" : "B 스킬 : 자신 공격력의 180%와 대상 공격력의 180 x 0.5%의 합으로 공격력이 가장 높은 적군 2명 타격",
        "skill_a" : "A 스킬 : 타격한 대상이 책사 또는 특수병이면 8초간 침묵 부여",
        "skill_s" : "S 스킬 : 가장 먼 아군 1명과 자신에게 공격력의 170%만큼 보호막 5초간 부여",
        "skill_point" : 59,
        "distance" : 22,
        "target" : "가까운 적"
    },
    {
        "id" : "0a",
        "name" : "황월영",
        "info" : "[1슬롯 / 청속성 / 책략병 / 촉나라 / 가까운 적 / 사거리 : 18 ]",
        "slot" : 1,
        "color":"청",
        "country":"촉",
        "type":"책",
        "love"  : ["량재녀모"],
        "skill" : "고유스킬 : 일반공격 4회마다 또는 치명타 타격 시 피해량의 25%만큼 체력비율이 가장 낮은 아군 1명 회복",
        "point" : "스킬사용시 기력소모량 : 60",
        "skill_b" : "B 스킬 : 공격력의 250%로 가까운 적 2명 타격",
        "skill_a" : "A 스킬 : 타격한 대상에게 입힌 피해량의 35% 만큼 모든 아군 회복(2명 타격 중 마지막 타격으로 인정)",
        "skill_s" : "S 스킬 : 타격한 대상에게 12초간 보급선차단 부여",
        "skill_point" : 60,
        "distance" : 18,
        "target" : "가까운 적"
    },
    {
        "id" : "0b",
        "name" : "방통",
        "info" : "[2슬롯 / 적속성 / 책략병 / 촉나라 / 가까운 적 / 사거리 : 21 ]",
        "slot" : 2,
        "color":"적",
        "country":"촉",
        "type":"책",
        "love"  : ["와룡봉추", "사생취의"],
        "skill" : "고유스킬 : 아군이 버프를 받을 때 마다 자신 공격력의 30%만큼 해당 아군 회복",
        "point" : "스킬사용시 기력소모량 : 63",
        "skill_b" : "B 스킬 : 버프가 가장 많은 적 2명을 공격력의 250%로 타격 후 방통의 지력에 비례해 넉백",
        "skill_a" : "A 스킬 : 타격한 대상에게 9초간 속박 부여 (이동 불가)",
        "skill_s" : "S 스킬 : 타격한 대상의 버프를 각자 6~6개 만큼 랜덤 제거",
        "skill_point" : 63,
        "distance" : 21,
        "target" : "가까운 적"
    },
    {
        "id" : "0c",
        "name" : "마초",
        "info" : "[2슬롯 / 적속성 / 창병 / 촉나라 / 가까운 적 / 사거리 : 7 ]",
        "slot" : 2,
        "color":"적",
        "country":"촉",
        "type":"창",
        "love"  : ["서량의 맹호", "서량의 명장"],
        "skill" : "고유스킬 : 스킬 피해를 받으면, 다음 일반 공격이 치명타로 발동",
        "point" : "스킬사용시 기력소모량 : 63",
        "skill_b" : "B 스킬 : 12초간 공격력 70% 증가",
        "skill_a" : "A 스킬 : 모든 아군 창병의 치명타확률 15초간 62% 증가",
        "skill_s" : "S 스킬 : 공격력의 255%로 가까운 적 2명 타격 후 넉백",
        "skill_point" : 63,
        "distance" : 7,
        "target" : "가까운 적"
    },
    {
        "id" : "0d",
        "name" : "서서",
        "info" : "[2슬롯 / 청속성 / 책략병 / 촉나라 / 가까운 적 / 사거리 : 20 ]",
        "slot" : 2,
        "color":"청",
        "country":"촉",
        "type":"책",
        "love"  : ["방촌지지"],
        "skill" : "고유스킬 : 죽은 아군 1명 당 스킬 소모 기력 4 감소 (최대 5명)",
        "point" : "스킬사용시 기력소모량 : 62",
        "skill_b" : "B 스킬 : 공격력이 가장 높은 아군 3명의 공격속도 8초간 130% 증가",
        "skill_a" : "A 스킬 : 공격력이 가장 높은 아군 3명의 치명타확률 12초간 55% 증가",
        "skill_s" : "S 스킬 : 공격력이 가장 높은 아군 3명이 보유한 모든 버프 지속시간 30% 증가",
        "skill_point" : 62,
        "distance" : 20,
        "target" : "가까운 적"
    },
    {
        "id" : "0e",
        "name" : "유비",
        "info" : "[2슬롯 / 황속성 / 검병 / 촉나라 / 가까운 적 / 사거리 : 7 ]",
        "slot" : 2,
        "color":"황",
        "country":"촉",
        "type":"검",
        "love"  : ["도원결의","수어지교", "개국공신", "방촌지지", "사생취의"],
        "skill" : "고유스킬 : 피해를 받으면, 20% 확률로 공격자의 공격력 6초간 10% 감소",
        "point" : "스킬사용시 기력소모량 : 64",
        "skill_b" : "B 스킬 : 시전자 최대 체력의 30% 만큼 가까운 아군 2명과 자신의 체력 회복",
        "skill_a" : "A 스킬 : 모든 원거리 공격 아군의 공격속도 12초간 80% 증가",
        "skill_s" : "S 스킬 : 현재체력이 가장 낮은 적 1명에게 15초간 집중타겟 부여",
        "skill_point" : 64,
        "distance" : 7,
        "target" : "가까운 적"
    },
    {
        "id" : "0f",
        "name" : "황충",
        "info" : "[2슬롯 / 청속성 / 특수병 / 촉나라 / 가장 먼 적 / 사거리 : 32 ]",
        "slot" : 2,
        "color":"청",
        "country":"촉",
        "type":"특",
        "love"  : ["명사수", "백전노장"],
        "skill" : "고유스킬 : 화염상태인 대상에게 치명타를 적중시키면 대상의 화염을 터뜨려 총 피해량의 100%만큼을 한순간의 피해로 타격 (해당 디버프 제거)",
        "point" : "스킬사용시 기력소모량 : 55",
        "skill_b" : "B 스킬 : 공격력의 300%로 가장 먼 적 1명 타격",
        "skill_a" : "A 스킬 : 타격한 대상의 체력비율이 75% 이상이면 대상에게 8초간 실명 부여 (일반공격 사거리 60% 감소)",
        "skill_s" : "S 스킬 : 대상에게 5초간 화염 부여 (초당 최대 체력의 5% 피해)",
        "skill_point" : 55,
        "distance" : 32,
        "target" : "가장 먼 적"
    },
    {
        "id" : "10",
        "name" : "제갈량",
        "info" : "[3슬롯 / 황속성 / 책략병 / 촉나라 / 가까운 적 / 사거리 : 20 ]",
        "slot" : 3,
        "color":"황",
        "country":"촉",
        "type":"책",
        "love"  : ["수어지교","량재녀모","와룡봉추", "방압득봉","칠종칠금", "대의멸친"],
        "skill" : "고유스킬 : 아군이 원거리 피해를 받을 때마다 피해량이 10% 감소하고 제갈량의 공격력이 0.5%씩 누적 증가 (최대 30%)",
        "point" : "스킬사용시 기력소모량 : 73",
        "skill_b" : "B 스킬 : 공격력의 155%로 모든 적 타격",
        "skill_a" : "A 스킬 : 방어력 합이 가장 높은 적 3명의 모든방어력 12초간 45% 감소",
        "skill_s" : "S 스킬 : 적용 중인 디버프가 3개 이상인 모든 대상에게 7초간 혼란 부여",
        "skill_point" : 73,
        "distance" : 20,
        "target" : "가까운 적"
    },
    {
        "id" : "11",
        "name" : "장비",
        "info" : "[3슬롯 / 황속성 / 창병 / 촉나라 / 가까운 적 / 사거리 : 7 ]",
        "slot" : 3,
        "color":"황",
        "country":"촉",
        "type":"창",
        "love"  : ["도원결의"],
        "skill" : "고유스킬 : 치명타로 인한 추가피해를 받지 않으며 치명타를 받으면 최대체력이 1%씩 누적 증가(최대 40%)",
        "point" : "스킬사용시 기력소모량 : 64",
        "skill_b" : "B 스킬 : 방어력 평균의 180%로 가장 가까운 적 1명과 그와 인접한 모든 적 타격 후 넉백",
        "skill_a" : "A 스킬 : 12초간 모든방어력 100%증가",
        "skill_s" : "S 스킬 : 자신에게 14초간 디버프 면역 4회 부여 (모든 횟수 소진 시 면역 소멸)",
        "skill_point" : 64,
        "distance" : 7,
        "target" : "가까운 적"
    },
    {
        "id" : "12",
        "name" : "관우",
        "info" : "[3슬롯 / 적속성 / 창병 / 촉나라 / 가까운 적 / 사거리 : 8 ]",
        "slot" : 3,
        "color":"적",
        "country":"촉",
        "type":"창",
        "love"  : ["도원결의","오관참육장", "괄골요독", "무쌍여자", "강이자긍"],
        "skill" : "고유스킬 : 일반 공격 시, 대상의 물리방어력 5%씩 누적 감소 (최대 60%)",
        "point" : "스킬사용시 기력소모량 : 50",
        "skill_b" : "B 스킬 : 공격력의 280%로 가장 가까운 적 1명 타격",
        "skill_a" : "A 스킬 : 자신의 물리공격력 12초간 80% 증가",
        "skill_s" : "S 스킬 : 대상이 디버프를 가지고 있으면 공격력의 130% x (디버프 수 x 0.75)로 방어무시 추가 타격(최대 적용 디버프 3개)",
        "skill_point" : 50,
        "distance" : 8,
        "target" : "가까운 적"
    },
    {
        "id" : "13",
        "name" : "조운",
        "info" : "[3슬롯 / 적속성 / 창병 / 촉나라 / 가까운 적 / 사거리 : 8 ]",
        "slot" : 3,
        "color":"적",
        "country":"촉",
        "type":"창",
        "love"  : ["상산 조자룡"],
        "skill" : "고유스킬 : 일반 공격 시, 대상이 가진 버프 중 1개를 버프시간 초기화하여 동일하게 얻는다. (체력 및 회복 관련 버프는 예외)",
        "point" : "스킬사용시 기력소모량 : 56",
        "skill_b" : "B 스킬 : 공격력의 260%로 가장 가까운 적 2명 타격",
        "skill_a" : "A 스킬 : 타격한 대상에게 12초간 상흔 부여",
        "skill_s" : "S 스킬 : 모든 근접 공격 아군의 물리공격력 12초간 35% 증가",
        "skill_point" : 56,
        "distance" : 8,
        "target" : "가까운 적"
    },
    {
        "id" : "14",
        "name" : "능통",
        "info" : "[1슬롯 / 적속성 / 특수병 / 오나라 / 가장 먼 적 / 사거리 : 28 ]",
        "slot" : 1,
        "color":"적",
        "country":"오",
        "type":"특",
        "love"  : ["생사지교", "분기충전"],
        "skill" : "고유스킬 : 표식의 적을 일반 공격 시 피해량의 60%로 추가 타격. (아군은 15% 적용) 능통은 표  식의 적을 우선순위함.",
        "point" : "스킬사용시 기력소모량 : 55",
        "skill_b" : "B 스킬 : 가장 먼 적 1명에게 표식을 15초간 부여",
        "skill_a" : "A 스킬 : 12초간 공격속도 100% 증가",
        "skill_s" : "S 스킬 : 표식이 있는 적이 죽으면 처치한 아군에게 공격력의 240%로 보호막 12초간 부여",
        "skill_point" : 55,
        "distance" : 28,
        "target" : "가장 먼 적"
    },
    {
        "id" : "15",
        "name" : "손상향",
        "info" : "[1슬롯 / 청속성 / 특수병 / 오나라 / 가장 먼 적 / 사거리 : 30 ]",
        "slot" : 1,
        "color":"청",
        "country":"오",
        "type":"특",
        "love"  : ["여인천하"],
        "skill" : "고유스킬 : 체력이 30% 이하면, 공격력 25% 증가",
        "point" : "스킬사용시 기력소모량 : 58",
        "skill_b" : "B 스킬 : 공격력의 270%로 가장 먼 적 2명 타격",
        "skill_a" : "A 스킬 : 대상과 속성이 다르면 대상에게 5초간 기절 부여",
        "skill_s" : "S 스킬 : 대상의 공격력 15초간 30% 감소",
        "skill_point" : 58,
        "distance" : 30,
        "target" : "가장 먼 적"
    },
    {
        "id" : "16",
        "name" : "소교",
        "info" : "[1슬롯 / 황속성 / 책략병 / 오나라 / 가까운 적 / 사거리 : 20 ]",
        "slot" : 1,
        "color":"황",
        "country":"오",
        "type":"책",
        "love"  : ["강동이교"],
        "skill" : "고유스킬 : 8초마다 가장 가까운 아군 2명에게 4초간 지속 회복 부여 (초당 물리방어력과 책략방어력의 합의 2%)",
        "point" : "스킬사용시 기력소모량 : 64",
        "skill_b" : "B 스킬 : 물리방어력과 책략방어력 합의 130% 만큼 모든 아군 체력 회복",
        "skill_a" : "A 스킬 : 모든 아군의 모든방어력 12초간 30% 증가",
        "skill_s" : "S 스킬 : 모든 아군이 가진 디버프를 각자 6~6개 만큼 랜덤 제거",
        "skill_point" : 64,
        "distance" : 20,
        "target" : "가까운 적"
    },
    {
        "id" : "17",
        "name" : "대교",
        "info" : "[2슬롯 / 황속성 / 책략병 / 오나라 / 가까운 적 / 사거리 : 20 ]",
        "slot" : 2,
        "color":"황",
        "country":"오",
        "type":"책",
        "love"  : ["강동이교","백호지몽"],
        "skill" : "고유스킬 : 스킬의 체력 회복량이 대상의 최대 체력을 넘어갈 경우 체력 비율이 가장 낮은 아군 1명의 체력 회복",
        "point" : "스킬사용시 기력소모량 : 50",
        "skill_b" : "B 스킬 : 공격력의 350% 만큼 체력비율이 가장 낮은 아군 1명의 체력 회복",
        "skill_a" : "A 스킬 : 자신과 체력비율이 가장 낮은 아군 1명의 모든방어력 15초간 70% 증가",
        "skill_s" : "S 스킬 : 체력비율이 가장 낮은 아군 1명에게 대상의 최대체력과 현제체력 평균의 80% 만큼 보호막을 8초간 부여",
        "skill_point" : 50,
        "distance" : 20,
        "target" : "가까운 적"
    },
    {
        "id" : "18",
        "name" : "손권",
        "info" : "[2슬롯 / 적속성 / 책략병 / 오나라 / 가까운 적 / 사거리 : 8 ]",
        "slot" : 2,
        "color":"적",
        "country":"오",
        "type":"책",
        "love"  : ["12개의 흉터", "부녀유친", "무신불립"],
        "skill" : "고유스킬 : 피격 시 20% 확률로 모든 아군 책략병이 각자 최대 체력의 4%만큼 회복 (본인은 6% 회복)",
        "point" : "스킬사용시 기력소모량 : 63",
        "skill_b" : "B 스킬 : 공격력의 200%로 인접한 모든 적 타격",
        "skill_a" : "A 스킬 : 타격된 대상의 모든 방어력 12초간 30% 감소",
        "skill_s" : "S 스킬 : 모든 아군 책략병의 책략공격력과 물리방어력을 12초간 25% 증가",
        "skill_point" : 63,
        "distance" : 8,
        "target" : "가까운 적"
    },
    {
        "id" : "19",
        "name" : "여몽",
        "info" : "[2슬롯 / 청속성 / 특수병 / 오나라 / 가장 먼 적 / 사거리 : 37 ]",
        "slot" : 2,
        "color":"청",
        "country":"오",
        "type":"특",
        "love"  : ["오하아몽", "괄목상대", "능대능소"],
        "skill" : "고유스킬 : 5회 이상 일반 공격한 대상에게 주는 피해량 1.5배 증가",
        "point" : "스킬사용시 기력소모량 : 67",
        "skill_b" : "B 스킬 : 공격력의 230%로 가장 먼 적 1명과 그와 인접한 모든 적 타격",
        "skill_a" : "A 스킬 : 대상을 이기는 상성이면 공격력의 180%로 추가 타격",
        "skill_s" : "S 스킬 : 대상의 공격타입이 물리이면 공격력의 180%로 추가 타격",
        "skill_point" : 67,
        "distance" : 37,
        "target" : "가장 먼 적"
    },
    {
        "id" : "1a",
        "name" : "노숙",
        "info" : "[2슬롯 / 청속성 / 책략병 / 오나라 / 가까운 적 / 사거리 : 18 ]",
        "slot" : 2,
        "color":"청",
        "country":"오",
        "type":"책",
        "love"  : ["괄목상대", "자유신교"],
        "skill" : "고유스킬 : 아군이 전사하거나 자신이 스킬 2회 시전시마다 적군의 가장 높은 색 기력의 회복을 2초간 정지(동시에 발동 시 복수적용되지 않음)",
        "point" : "스킬사용시 기력소모량 : 57",
        "skill_b" : "B 스킬 : 방어력 합이 가장 높은 아군 2명의 모든 방어력 8초간 40%증가",
        "skill_a" : "A 스킬 : 공격력의 220% 만큼 방어력 합이 가장 높은 아군 2명의 체력 회복",
        "skill_s" : "S 스킬 : 방어력 합이 가장 높은 아군 2명의 디버프를 각각 6~6개 만큼 랜덤 제거",
        "skill_point" : 57,
        "distance" : 18,
        "target" : "가까운 적"
    },
    {
        "id" : "1b",
        "name" : "황개",
        "info" : "[2슬롯 / 황속성 / 특수병 / 오나라 / 가까운 적 / 사거리 : 5 ]",
        "slot" : 2,
        "color":"황",
        "country":"오",
        "type":"특",
        "love"  : ["백전노장", "고육지계"],
        "skill" : "고유스킬 : 적용 받는 버프 수만큼 모든 방어력 15%씩 증가 (최대 75%)",
        "point" : "스킬사용시 기력소모량 : 56",
        "skill_b" : "B 스킬 : 공격력의 280%로 인접한 적 중에 체력비율이 가장 높은 1명 타격 후 뒤로 크게 넉백",
        "skill_a" : "A 스킬 : 대상의 이동속도 15초간 70% 감소",
        "skill_s" : "S 스킬 : 시전자 최대 체력의 70% 만큼 가장 가까운 아군 1명과 자신의 체력 회복",
        "skill_point" : 56,
        "distance" : 5,
        "target" : "가까운 적"
    },
    {
        "id" : "1c",
        "name" : "주태",
        "info" : "[2슬롯 / 적속성 / 특수병 / 오나라 / 가까운 적 / 사거리 : 6 ]",
        "slot" : 2,
        "color":"적",
        "country":"오",
        "type":"특",
        "love"  : ["12개의 흉터", "갈력진능"],
        "skill" : "고유스킬 : 회복을 받으면 물리방어력 2%씩 누적 증가 (최대 40%)",
        "point" : "스킬사용시 기력소모량 : 53",
        "skill_b" : "B 스킬 : 물리 공격력이 가장 높은 적 2명의 물리공격력 12초간 60% 감소",
        "skill_a" : "A 스킬 : 버프를 보유한 모든 적군에게 대상 최대체력의 20%만큼 타격 (특수한 적은 보정되어 적용)",
        "skill_s" : "S 스킬 : 자신에게 15초간 회생 부여 (피해를 받으면 피해량의 30% 회복)",
        "skill_point" : 53,
        "distance" : 6,
        "target" : "가까운 적"
    },
    {
        "id" : "1d",
        "name" : "감녕",
        "info" : "[3슬롯 / 황속성 / 특수병 / 오나라 / 가까운 적 / 사거리 : 7 ]",
        "slot" : 3,
        "color":"황",
        "country":"오",
        "type":"특",
        "love"  : ["담소자약","생사지교"],
        "skill" : "고유스킬 : 스킬을 사용하면, 대상 바로 뒤로 이동하고 10초간 모든 속도 80% 증가",
        "point" : "스킬사용시 기력소모량 : 58",
        "skill_b" : "B 스킬 : 공격력의 200%로 체력비율이 가장 낮은 적 1명 타격, 2초간 봉인",
        "skill_a" : "A 스킬 : 대상의 체력비율이 15% 미만이면 대상에게 전체체력의 15% 추가 타격 (특수한 적은 보정되어 적용)",
        "skill_s" : "S 스킬 : 스킬로 적을 죽이면 100% 확률로 스킬 한 번 더 발동",
        "skill_point" : 58,
        "distance" : 7,
        "target" : "가까운 적"
    },
    {
        "id" : "1e",
        "name" : "주유",
        "info" : "[3슬롯 / 황속성 / 책략병 / 오나라 / 가까운 적 / 사거리 : 19 ]",
        "slot" : 3,
        "color":"황",
        "country":"오",
        "type":"책",
        "love"  : ["오하아몽","담소자약","단금지교","고육지계"],
        "skill" : "고유스킬 : 일반 공격 시, 25% 확률로 4초간 화염 부여 (초당 최대 체력의 2% 피해)",
        "point" : "스킬사용시 기력소모량 : 75",
        "skill_b" : "B 스킬 : 공격력의 150%로 모든 적 타격",
        "skill_a" : "A 스킬 : 대상의 공격타입이 물리이면 버프를 각각 6~6개 만큼 랜덤 제거",
        "skill_s" : "S 스킬 : 대상과 속성이 다르면 5초간 화염 부여 (초당 최대체력의 3% 피해)",
        "skill_point" : 75,
        "distance" : 19,
        "target" : "가까운 적"
    },
    {
        "id" : "1f",
        "name" : "태사자",
        "info" : "[3슬롯 / 청속성 / 특수병 / 오나라 / 가까운 적 / 사거리 : 7 ]",
        "slot" : 3,
        "color":"청",
        "country":"오",
        "type":"특",
        "love"  : ["일기토"],
        "skill" : "고유스킬 : 7초마다 자신과 랜덤 아군 1명의 디버프 모두 제거",
        "point" : "스킬사용시 기력소모량 : 62",
        "skill_b" : "B 스킬 : 공격력의 150%로 모든 적 1회씩 최대 6회 타격 (최대 6회, 적의 수가 6명 미만일 경우 남은 수만큼 랜덤 적 타격)",
        "skill_a" : "A 스킬 : 대상의 모든 공격력 10초간 40% 감소",
        "skill_s" : "S 스킬 : 공격력의 200% 만큼 체력 회복",
        "skill_point" : 62,
        "distance" : 7,
        "target" : "가까운 적"
    },
    {
        "id" : "20",
        "name" : "공손찬",
        "info" : "[1슬롯 / 청속성 / 창병 / 군웅 / 가까운 적 / 사거리 : 7 ]",
        "slot" : 1,
        "color":"청",
        "country":"군",
        "type":"창",
        "love"  : ["상산 조자룡"],
        "skill" : "고유스킬 : 아군 보유기력의 합이 적군 보유기력의 합보다 크면 받는 피해량 40% 감소 (본인 40%, 아군 10% 적용)",
        "point" : "스킬사용시 기력소모량 : 52",
        "skill_b" : "B 스킬 : 공격력의 280%로 공격속도가 가장 높은 적 1명 타격 후 크게 넉백",
        "skill_a" : "A 스킬 : 최대 체력의 50% 만큼의 보호막을 자신에게 12초간 부여",
        "skill_s" : "S 스킬 : 대상의 공격속도와 이동속도가 12초간 50% 감소",
        "skill_point" : 52,
        "distance" : 7,
        "target" : "가까운 적"
    },
    {
        "id" : "21",
        "name" : "안량",
        "info" : "[1슬롯 / 적속성 / 검병 / 군웅 / 가까운 적 / 사거리 : 5 ]",
        "slot" : 1,
        "color":"적",
        "country":"군",
        "type":"검",
        "love"  : ["하북대장군"],
        "skill" : "고유스킬 : 피격 시 20% 확률로 모든 근거리 아군이 각자 최대 체력의 4%만큼 회복 (본인은 6% 회복)",
        "point" : "스킬사용시 기력소모량 : 54",
        "skill_b" : "B 스킬 : 모든 검병 아군의 공격속도 12초간 80% 증가",
        "skill_a" : "A 스킬 : 12초간 물리방어력 120% 증가",
        "skill_s" : "S 스킬 : 자신과 가까운 아군 1명의 디버프를 6 ~ 6개 만큼 랜덤 제거",
        "skill_point" : 54,
        "distance" : 5,
        "target" : "가까운 적"
    },
    {
        "id" : "22",
        "name" : "원소",
        "info" : "[1슬롯 / 적속성 / 검병 / 군웅 / 가까운 적 / 사거리 : 7 ]",
        "slot" : 1,
        "color":"적",
        "country":"군",
        "type":"검",
        "love"  : ["하북대장군", "원가형제"],
        "skill" : "고유스킬 : 전투시작 7초 이후부터 생존한 아군 검병 수 x 20% 만큼 물리 공격력과 모든방어력 증가 (최대 3검병)",
        "point" : "스킬사용시 기력소모량 : 54",
        "skill_b" : "B 스킬 : 공격력의 255%로 가장 가까운 적 2명 타격",
        "skill_a" : "A 스킬 : 모든 검병 아군의 모든방어력이 12초간 50% 증가",
        "skill_s" : "S 스킬 : 대상의 버프를 각자 2개만큼 랜덤 제거하며 대상이 창병이면 공격력의 300%로 치명타 추가 타격",
        "skill_point" : 54,
        "distance" : 7,
        "target" : "가까운 적"
    },
    {
        "id" : "23",
        "name" : "원술",
        "info" : "[1슬롯 / 청속성 / 책략병 / 군웅 / 가까운 적 / 사거리 : 18 ]",
        "slot" : 1,
        "color":"청",
        "country":"군",
        "type":"책",
        "love"  : ["원가형제"],
        "skill" : "고유스킬 : 5초 이상 아무런 피해를 받지 않는다면 가장 낮은 기력 5회복 (5초마다 반복)",
        "point" : "스킬사용시 기력소모량 : 58",
        "skill_b" : "B 스킬 : 12초간 공격력 50% 증가",
        "skill_a" : "A 스킬 : 공격력의 160% 만큼 체력비율이 가장 낮은 아군 3명의 체력 회복",
        "skill_s" : "S 스킬 : 가까운 아군 2명과 자신의 디버프를 각각 6~6개 만큼 랜덤 제거",
        "skill_point" : 58,
        "distance" : 18,
        "target" : "가까운 적"
    },
    {
        "id" : "24",
        "name" : "축융",
        "info" : "[1슬롯 / 적속성 / 특수병 / 군웅 / 가까운 적 / 사거리 : 17 ]",
        "slot" : 1,
        "color":"적",
        "country":"군",
        "type":"특",
        "love"  : ["남만부부","남만풍"],
        "skill" : "고유스킬 : 일반 공격 시 대상이 상태이상이면 5초간 상흔 부여, 대상이 상흔에 걸려있으면 1초간 출혈 부여 (초당 최대체력의 2% 피해)",
        "point" : "스킬사용시 기력소모량 : 51",
        "skill_b" : "B 스킬 : 공격력의 240%로 랜덤 적 3명 타격",
        "skill_a" : "A 스킬 : 대상과 속성이 같으면 12초간 상흔 부여",
        "skill_s" : "S 스킬 : 아군 특수병의 치명타확률 15초간 62% 증가",
        "skill_point" : 51,
        "distance" : 17,
        "target" : "가까운 적"
    },
    {
        "id" : "25",
        "name" : "문추",
        "info" : "[2슬롯 / 청속성 / 검병 / 군웅 / 가까운 적 / 사거리 : 5 ]",
        "slot" : 2,
        "color":"청",
        "country":"군",
        "type":"검",
        "love"  : ["하북대장군"],
        "skill" : "고유스킬 : 넉백에 면역, 넉백을 받을 때마다 모든방어력 10%씩 누적 증가",
        "point" : "스킬사용시 기력소모량 : 60",
        "skill_b" : "B 스킬 : 모든 아군의 물리방어력 12초간 40% 증가",
        "skill_a" : "A 스킬 : 공격력의 255%로 가장 가까운 적 2명 타격",
        "skill_s" : "S 스킬 : 공격력이 가장 높은 적 2명에게 5초간 기절 부여",
        "skill_point" : 60,
        "distance" : 5,
        "target" : "가까운 적"
    },
    {
        "id" : "26",
        "name" : "장각",
        "info" : "[2슬롯 / 청속성 / 책략병 / 군웅 / 가까운 적 / 사거리 : 20 ]",
        "slot" : 2,
        "color":"청",
        "country":"군",
        "type":"책",
        "love"  : [""],
        "skill" : "고유스킬 : 20초마다 랜덤 적 한 명을 대상으로 스킬 시전",
        "point" : "스킬사용시 기력소모량 : 64",
        "skill_b" : "B 스킬 : 공격력의 200%로 랜덤 적 3명 타격",
        "skill_a" : "A 스킬 : 대상의 모든속도 12초간 50% 감소",
        "skill_s" : "S 스킬 : 대상에게 각각 45% 확률로 5초간 혼란 부여",
        "skill_point" : 64,
        "distance" : 20,
        "target" : "가까운 적"
    },
    {
        "id" : "27",
        "name" : "여포",
        "info" : "[3슬롯 / 황속성 / 창병 / 군웅 / 가까운 적 / 사거리 : 8 ]",
        "slot" : 3,
        "color":"황",
        "country":"군",
        "type":"창",
        "love"  : ["폐월과 봉선", "양부양자"],
        "skill" : "고유스킬 : 체력이 90% 이하일 때 피해를 받으면, 받을 때마다 공격력이 1%씩 누적 증가(최대35%)",
        "point" : "스킬사용시 기력소모량 : 53",
        "skill_b" : "B 스킬 : 15초간 공격력의 100% 증가",
        "skill_a" : "A 스킬 : 15초간 공격속도와 이동속도 100% 증가",
        "skill_s" : "S 스킬 : 최대체력의 10% 체력을 소진하여 8초간 무적상태 (피해, 상태이상, 넉백 무시)",
        "skill_point" : 53,
        "distance" : 8,
        "target" : "가까운 적"
    },
    {
        "id" : "28",
        "name" : "초선",
        "info" : "[3슬롯 / 적속성 / 책략병 / 군웅 / 가까운 적 / 사거리 : 19 ]",
        "slot" : 3,
        "color":"적",
        "country":"군",
        "type":"책",
        "love"  : ["폐월과 봉선", "재자가인", "경국지색"],
        "skill" : "고유스킬 : 전투 시작 시 보호막이 없는 모든 아군에게 8초간 1의 보호막 부여(이후 아군이 스킬을 5회 사용시마다 반복)",
        "point" : "스킬사용시 기력소모량 : 53",
        "skill_b" : "B 스킬 : 체력비율이 가장 낮은 아군 1명에게 10초간 지속 회복 부여(초당 공격력의 59% 회복)",
        "skill_a" : "A 스킬 : 버프를 가장 많이 보유한 적군 1명의 공격력 12초간 40% 감소",
        "skill_s" : "S 스킬 : 체력비율이 가장 낮은 아군 1명의 최대체력을 16초간 공격력의 75%만큼 증가",
        "skill_point" : 53,
        "distance" : 19,
        "target" : "가까운 적"
    },
    {
        "id" : "29",
        "name" : "마등",
        "info" : "[2슬롯 / 황속성 / 창병 / 군웅 / 가까운 적 / 사거리 : 8 ]",
        "slot" : 2,
        "color":"황",
        "country":"군",
        "type":"창",
        "love"  : ["서량의 맹호"],
        "skill" : "고유스킬 : 마등에게 치명타를 받은 적은 12초간 모든공격력 35% 감소 (발동 시 횟수 초기화)",
        "point" : "스킬사용시 기력소모량 : 57",
        "skill_b" : "B 스킬 : 공격력의 260%로 가장 가까운 적 2명 타격",
        "skill_a" : "A 스킬 : 타격한 대상에게 10초간 보급선차단 부여",
        "skill_s" : "S 스킬 : 자신을 포함한 가까운 아군 2명의 치명타 확률 8초간 80% 증가",
        "skill_point" : 57,
        "distance" : 8,
        "target" : "가까운 적"
    },
    {
        "id" : "2a",
        "name" : "동탁",
        "info" : "[3슬롯 / 청속성 / 특수병 / 군웅 / 가까운 적 / 사거리 : 6 ]",
        "slot" : 3,
        "color":"청",
        "country":"군",
        "type":"특",
        "love"  : ["양부양자"],
        "skill" : "고유스킬 : 일반공격 시 대상의 디버프 중 1개를 대상과 가까운 1명에게 전이(이미 동일한 상태면 미적용, 전이에 성공하면 짧게 넉백)",
        "point" : "스킬사용시 기력소모량 : 60",
        "skill_b" : "B 스킬 : 방어력 평균의 200%로 가장 가까운 적 1명과 그와 인접한 모든 적 타격",
        "skill_a" : "A 스킬 : 자신의 모든 방어력이 12초간 100% 증가",
        "skill_s" : "S 스킬 : 타격한 대상이 보유한 출혈, 화염을 터뜨려 총 피해량의 120%만큼을 한순간의 피해로 타격 (해당 디버프는 유지)",
        "skill_point" : 60,
        "distance" : 6,
        "target" : "가까운 적"
    },
    {
        "id" : "2b",
        "name" : "마량",
        "info" : "[1슬롯 / 황속성 / 책략병 / 촉나라 / 가까운 적 / 사거리 : 19 ]",
        "slot" : 1,
        "color":"황",
        "country":"촉",
        "type":"책",
        "love"  : ["병귀신속", "당동벌이"],
        "skill" : "고유스킬 : 공격속도 또는 이동속도 증가 버프를 보유 중인 모든 아군의 일반공격 공격력 20% 증가",
        "point" : "스킬사용시 기력소모량 : 51",
        "skill_b" : "B 스킬 : 상태이상인 아군 1명의 체력을 공격력의 330% 만큼 회복(상태이상이 없거나 동등한 조건이면 체력비율이 낮은 대상)",
        "skill_a" : "A 스킬 : 회복한 대상의 상태이상을 제거하고 디버프 면역 1회 부여",
        "skill_s" : "S 스킬 : 공격속도가 가장 높은 아군 1명의 모든속도 9초간 100% 증가",
        "skill_point" : 51,
        "distance" : 19,
        "target" : "가까운 적"
    },
    {
        "id" : "2c",
        "name" : "등애",
        "info" : "[2슬롯 / 황속성 / 검병 / 위나라 / 가까운 적 / 사거리 : 6 ]",
        "slot" : 2,
        "color":"황",
        "country":"위",
        "type":"검",
        "love"  : ["상서랑", "병귀신속"],
        "skill" : "고유스킬 : 전투 시작 후 (이동속도 * 5)% 만큼 모든방어력 증가",
        "point" : "스킬사용시 기력소모량 : 62",
        "skill_b" : "B 스킬 : 자신 공격력의 150%와 대상 공격력의 150% * 0.5%의 합으로 인접한 모든 적군 타격(대상 공격력은 자신 공격력 1.5배를 넘지 못함)",
        "skill_a" : "A 스킬 : 모든 아군의 이동속도 15초간 80%증가",
        "skill_s" : "S 스킬 : 시전자의 레벨과 장비 수치를 95% 가진 정예방패병을 옆에 소환(스킬 사용 불가, 25초 이후 전사)",
        "skill_point" : 62,
        "distance" : 6,
        "target" : "가까운 적"
    },
    {
        "id" : "2d",
        "name" : "간손미",
        "info" : "[1슬롯 / 적속성 / 책략병 / 촉나라 / 가장 먼 적 / 사거리 : 36 ]",
        "slot" : 1,
        "color":"적",
        "country":"촉",
        "type":"책",
        "love"  : ["개국공신","삼인성호"],
        "skill" : "고유스킬 : 자신을 포함한 가까운 아군 3명은 전투 시작 후 첫 2회 스킬피격의 스킬피해량이 50% 감소(이후, 자신이 스킬을 사용 시마다 반복)",
        "point" : "스킬사용시 기력소모량 : 68",
        "skill_b" : "B 스킬 : 물리방어력과 책략방어력 합의 130%만큼 모든 아군 체력 회복",
        "skill_a" : "A 스킬 : 모든 아군을 각각 50% 확률로 모든공격력 15초간 25% 증가",
        "skill_s" : "S 스킬 : 공격력이 가장 높은 적군 2명에게 10초간 실명 부여(일반공격 사거리 60% 감소)",
        "skill_point" : 68,
        "distance" : 36,
        "target" : "가장 먼 적"
    },
    {
        "id" : "2e",
        "name" : "손책",
        "info" : "[3슬롯 / 청속성 / 검병 / 오나라 / 가까운 적 / 사거리 : 7 ]",
        "slot" : 3,
        "color":"청",
        "country":"오",
        "type":"검",
        "love"  : ["일기토", "자승자박","단금지교","강동패왕"],
        "skill" : "고유스킬 : 일반 공격 6회마다 가장 가까운 적 3명에게 출혈 부여 (초당 최대 체력의 1% 피해). 해당 출혈량의 50%를 자신이 회복",
        "point" : "스킬사용시 기력소모량 : 56",
        "skill_b" : "B 스킬 : 공격력의 260%로 가장 가까운 적 2명 타격",
        "skill_a" : "A 스킬 : 모든 아군 검병의 모든속도 12초간 65% 증가",
        "skill_s" : "S 스킬 : 12초간 자신의 공격력 70% 증가",
        "skill_point" : 56,
        "distance" : 7,
        "target" : "가까운 적"
    },
    {
        "id" : "2f",
        "name" : "화타",
        "info" : "[3슬롯 / 황속성 / 책략병 / 군웅 / 가까운 적 / 사거리 : 19 ]",
        "slot" : 3,
        "color":"황",
        "country":"군",
        "type":"책",
        "love"  : ["괄골요독", "마비산"],
        "skill" : "고유스킬 : 6초마다 현재 체력이 가장 낮은 아군에게 공격력의 80%로 보호막 4초 부여. 이미 보호막이 있으면 보호막 50%를 소모하고 소모량의 3배 회복",
        "point" : "스킬사용시 기력소모량 : 54",
        "skill_b" : "B 스킬 : 체력비율이 가장 낮은 아군 1명을 공격력의 350% 만큼 체력 회복",
        "skill_a" : "A 스킬 : 체력비율이 가장 낮은 아군 1명의 최대체력의 5% 체력을 소진하여 5초간 무적 부여 (피해, 상태이상, 넉백 무시)",
        "skill_s" : "S 스킬 : 디버프를 가장 많이 보유한 적군 1명에게 4초간 맹독과 공격력 40% 감소 부여",
        "skill_point" : 54,
        "distance" : 19,
        "target" : "가까운 적"
    },
    {
        "id" : "30",
        "name" : "장료",
        "info" : "[3슬롯 / 청속성 / 창병 / 위나라 / 가까운 적 / 사거리 : 6 ]",
        "slot" : 3,
        "color":"청",
        "country":"위",
        "type":"창",
        "love"  : ["무쌍여자", "절장결전", "분기충전"],
        "skill" : "고유스킬 : 버프 받을 때 버프수가 2의 배수면 공격력이 가장높은 적군에게 10초간 표식부여. 버프가 디버프보다 많으면 체력이 15%이하로 내려가지 않는다.",
        "point" : "스킬사용시 기력소모량 : 58",
        "skill_b" : "B 스킬 : 공격력의 300%로 표식이 있는 적 1명 타격 (없거나 동등한 조건이면 가까운 적)",
        "skill_a" : "A 스킬 : 공격력의 (400 - 자신의 체력비율)%로 추가 타격",
        "skill_s" : "S 스킬 : 14초간 자신에게 디버프면역 2회 부여 (모든 횟수 소진 시 면역 소멸)",
        "skill_point" : 58,
        "distance" : 6,
        "target" : "가까운 적"
    },
    {
        "id" : "31",
        "name" : "육손",
        "info" : "[3슬롯 / 적속성 / 책략병 / 오나라 / 가장 먼 적 / 사거리 : 36 ]",
        "slot" : 3,
        "color":"적",
        "country":"오",
        "type":"책",
        "love"  : ["능대능소", "충간의담"],
        "skill" : "고유스킬 : 책략방어력이 자신보다 높은 적을 공격 시 피해량 20% 증가. 책략방어력이 자신보다 낮은 적에게 피격 시 피해량 20% 감소",
        "point" : "스킬사용시 기력소모량 : 67",
        "skill_b" : "B 스킬 : 공격력의 190%로 가장 먼 적 4명 타격",
        "skill_a" : "A 스킬 : 대상에게 4초간 맹독 부여",
        "skill_s" : "S 스킬 : 자신을 포함한 가까운 아군 2명의 공격력 9초간 20% 증가",
        "skill_point" : 67,
        "distance" : 36,
        "target" : "가장 먼 적"
    },
    {
        "id" : "32",
        "name" : "강유",
        "info" : "[3슬롯 / 적속성 / 책략병 / 촉나라 / 가까운 적 / 사거리 : 10 ]",
        "slot" : 3,
        "color":"적",
        "country":"촉",
        "type":"책",
        "love"  : ["방압득봉"],
        "skill" : "고유스킬 : 현재 체력이 최대 체력의 60% 이상일 때 디버프를 받으면 디버프면역(피해를 입었다면 피해를 입은 이후 기준)",
        "point" : "스킬사용시 기력소모량 : 62",
        "skill_b" : "B 스킬 : 공격력의 300%로 인접한 모든 적군 타격",
        "skill_a" : "A 스킬 : 대상의 모든 버프 제거, (최대 제거수x6)초간 모든 아군 디버프면역 1회 부여(모든 횟수 소진 시 면역 소멸)",
        "skill_s" : "S 스킬 : 타격한 대상과 속성이 다르면 대상에게 4초간 기절 부여",
        "skill_point" : 62,
        "distance" : 10,
        "target" : "가까운 적"
    },
    {
        "id" : "33",
        "name" : "맹획",
        "info" : "[1슬롯 / 황속성 / 특수병 / 군웅 / 가까운 적 / 사거리 : 5 ]",
        "slot" : 1,
        "color":"황",
        "country":"군",
        "type":"특",
        "love"  : ["칠종칠금", "남만부부", "남만사나이"],
        "skill" : "고유스킬 : 자신의 물리방어력이 20% 증가하고 화염으로 받는 피해량이 1.5배가 된다.",
        "point" : "스킬사용시 기력소모량 : 62",
        "skill_b" : "B 스킬 : 공격력의 230%로 가장 먼 적 1명 타격",
        "skill_a" : "A 스킬 : 100% 확률로 대상과 같은 속성 적에게 스킬 재시전(대붕금시조, 스택, 스킬 사용횟수 1회만 적용)",
        "skill_s" : "S 스킬 : 대상에게 10초간 맹독 부여",
        "skill_point" : 62,
        "distance" : 5,
        "target" : "가까운 적"
    },
    {
        "id" : "34",
        "name" : "악진",
        "info" : "[2슬롯 / 적속성 / 검병 / 위나라 / 가까운 적 / 사거리 : 7 ]",
        "slot" : 2,
        "color":"적",
        "country":"위",
        "type":"검",
        "love"  : ["절장결전", "단금지계", "갈력진능"],
        "skill" : "고유스킬 : 아군이 한 번에 최대 체력의 70% 이상의 피해를 받으면 그 피해를 대신 받고 생존 1초 뒤 피해량의 60%를 회복한다. (옥새 비적용)",
        "point" : "스킬사용시 기력소모량 : 53",
        "skill_b" : "B 스킬 : 악진 최대 체력의 25%만큼 체력비율이 가장 낮은 아군 1명의 체력 회복(자신은 절반만 회복)",
        "skill_a" : "A 스킬 : 악진 최대 체력의 100%만큼 12초간 보호막을 얻고 대상이 같은 속성이면 대상에게도 부여",
        "skill_s" : "S 스킬 : 자신의 모든방어력이 12초간 100% 증가",
        "skill_point" : 53,
        "distance" : 7,
        "target" : "가까운 적"
    },
    {
        "id" : "35",
        "name" : "손노반",
        "info" : "[3슬롯 / 적속성 / 창병 / 오나라 / 가까운 적 / 사거리 : 8 ]",
        "slot" : 3,
        "color":"적",
        "country":"오",
        "type":"창",
        "love"  : ["부녀유친", "경국지색", "여인천하"],
        "skill" : "고유스킬 : 피격 시 받는 시 모든 피해가 35% 감소하며 가장 가까운 2명과 나눠 받는다.",
        "point" : "스킬사용시 기력소모량 : 56",
        "skill_b" : "B 스킬 : 공격력의 290%로 가장 가까운 적 2명 타격",
        "skill_a" : "A 스킬 : 대상에게 10초간 침묵 부여",
        "skill_s" : "S 스킬 : 대상의 버프를 각자 2개만큼 랜덤 제거하며 대상이 오나라일 경우 공격력의 320%로 치명타 추가 타격",
        "skill_point" : 56,
        "distance" : 8,
        "target" : "가까운 적"
    },
    {
        "id" : "36",
        "name" : "사마가",
        "info" : "[2슬롯 / 청속성 / 창병 / 촉나라 / 가까운 적 / 사거리 : 5 ]",
        "slot" : 2,
        "color":"청",
        "country":"촉",
        "type":"창",
        "love"  : ["당동벌이", "남만사나이","남만풍"],
        "skill" : "고유스킬 : 일반 공격시, 기절에 걸린 적에게 피해량의 250%로 추가 피해",
        "point" : "스킬사용시 기력소모량 : 66",
        "skill_b" : "B 스킬 : 공격력의 400%로 치명타 확률이 가장 높은 적 2명 타격",
        "skill_a" : "A 스킬 : 타격한 대상에게 8초간 기절 부여",
        "skill_s" : "S 스킬 : 자신에게 15초간 제압 부여(자신을 공격한 적 1초간 기절 부여)",
        "skill_point" : 66,
        "distance" : 5,
        "target" : "가까운 적"
    },
    {
        "id" : "37",
        "name" : "엄백호",
        "info" : "[1슬롯 / 황속성 / 특수병 / 군웅 / 가까운 적 / 사거리 : 5 ]",
        "slot" : 1,
        "color":"황",
        "country":"군",
        "type":"특",
        "love"  : ["강동패왕","백호지몽","삼인성호"],
        "skill" : "고유스킬 : 스킬 시전 시 자신 최대 체력의 30% 체력 회복 (자신의 체력이 50%미만인 경우 자신 최대 체력의 50% 체력 회복)",
        "point" : "스킬사용시 기력소모량 : 55",
        "skill_b" : "B 스킬 : 공격력의 270%로 체력비율이 가장 높은 적 1명 타격(체력 비율이 같을 경우 가장 먼 적을 대상으로 지정)",
        "skill_a" : "A 스킬 : 시전자의 레벨과 장비 수치를 95% 가진 정예궁병을 옆에 소환 (스킬 사용 불가, 20초 이후 전사)",
        "skill_s" : "S 스킬 : 원래의 자리로 돌아온다. 대상을 이기는 상성이면 대상과 함께 원래의 자리로 돌아온다.",
        "skill_point" : 55,
        "distance" : 5,
        "target" : "가까운 적"
    },
    {
        "id" : "38",
        "name" : "전위",
        "info" : "[4슬롯 / 녹속성 / 창병 / 위나라 / 가까운 적 / 사거리 : 6 ]",
        "slot" : 4,
        "color":"녹",
        "country":"위",
        "type":"창",
        "love"  : ["번쾌와 악래"],
        "skill" : "고유스킬 : 원거리 피해를 받을 때마다 전위의 체력과 방어력이 1%씩 누적 증가 (최대 40%)",
        "point" : "스킬사용시 기력소모량 : 62",
        "skill_b" : "B 스킬 : 공격력의 100%로 가까운 적 2명 타격 후 전위 무력에 비례해 치명타 추가 피해",
        "skill_a" : "A 스킬 : 타격한 대상에게 12초간 상흔 부여",
        "skill_s" : "S 스킬 : 자신에게 10초간 폭압 부여(1초마다 인접한 적들에게 공격력의 100%로 방어도를 무시한 추가타격)",
        "skill_point" : 62,
        "distance" : 6,
        "target" : "가까운 적"
    },
    {
        "id" : "39",
        "name" : "방덕",
        "info" : "[2슬롯 / 황속성 / 특수병 / 위나라 / 가장 먼 적 / 사거리 : 36 ]",
        "slot" : 2,
        "color":"황",
        "country":"위",
        "type":"특",
        "love"  : ["철벽 방어", "서량의 명장", "역전의 명수"],
        "skill" : "고유스킬 : 버프를 받으면 버프를 건 대상에게도 버프를 동일하게 적용(체력 및 회복 관련 버프는 제외)",
        "point" : "스킬사용시 기력소모량 : 60",
        "skill_b" : "B 스킬 : 공격력의 300%로 가장 먼 적 1명 타격과 그와 인접한 모든 적 타격",
        "skill_a" : "A 스킬 : 대상의 공격력 12초간 60초 감소",
        "skill_s" : "S 스킬 : 모든 아군이 보유한 모든 버프 지속시간 75% 증가",
        "skill_point" : 60,
        "distance" : 36,
        "target" : "가장 먼 적"
    },
    {
        "id" : "3a",
        "name" : "포삼랑",
        "info" : "[2슬롯 / 적속성 / 특수병 / 촉나라 / 가까운 적 / 사거리 : 6 ]",
        "slot" : 2,
        "color":"적",
        "country":"촉",
        "type":"특",
        "love"  : ["강이자긍"],
        "skill" : "고유스킬 : 스킬을 사용하면 대상 앞으로 이동하고 3초간 무적 상태 (피해, 상태이상, 넉백 무시)",
        "point" : "스킬사용시 기력소모량 : 55",
        "skill_b" : "B 스킬 : 공격력의 350%로 인접한 적 중에 방어력 합이 가장 낮은 적 1명 타격",
        "skill_a" : "A 스킬 : 대상에게 8초간 봉인 부여",
        "skill_s" : "S 스킬 : 자신의 공격속도와 치명타 확률이 15초간 60% 증가",
        "skill_point" : 55,
        "distance" : 6,
        "target" : "가까운 적"
    },
    {
        "id" : "3b",
        "name" : "장보",
        "info" : "[1슬롯 / 적속성 / 책략병 / 군웅 / 가까운 적 / 사거리 : 19 ]",
        "slot" : 1,
        "color":"적",
        "country":"군",
        "type":"책",
        "love"  : [],
        "skill" : "고유스킬 : 12초마다 통솔력이 가장 낮은 적 한 명을 대상으로 스킬 시전",
        "point" : "스킬사용시 기력소모량 : 53",
        "skill_b" : "B 스킬 : 공격력의 320%로 가장 가까운 적 1명타격",
        "skill_a" : "A 스킬 : 타격한 대상에게 10초간 보급선 차단 부여",
        "skill_s" : "S 스킬 : 대상이 보호막을 보유하고 있으면 100% 확률로 스킬 한 번 더 발동, 보호막이 없을 경우 공격력의 150%로 타격",
        "skill_point" : 53,
        "distance" : 19,
        "target" : "가까운 적"
    },
    {
        "id" : "3c",
        "name" : "제갈근",
        "info" : "[1슬롯 / 청속성 / 책략병 / 오나라 / 가장 먼 적 / 사거리 : 27 ]",
        "slot" : 1,
        "color":"청",
        "country":"오",
        "type":"책",
        "love"  : ["자유신교", "무신불립", "대의멸친", "충간의담"],
        "skill" : "고유스킬 : 제갈근이 디버프를 받을 때마다 지속 시간이 90% 감소하고 가까운 아군 2명에게 5초간 디버프면역 1회 부여",
        "point" : "스킬사용시 기력소모량 : 60",
        "skill_b" : "B 스킬 : 공격력의 250%로 지력이 가장 낮은 적군 2명 타격",
        "skill_a" : "A 스킬 : 타격한 대상의 버프를 각자 2개만큼 랜덤 제거하며 제거된 버프 시간만큼 자신의 공격력 50% 증가",
        "skill_s" : "S 스킬 : 자신의 최대체력을 16초간 공격력의 100%만큼 증가",
        "skill_point" : 60,
        "distance" : 27,
        "target" : "가장 먼 적"
    },
    {
        "id" : "3d",
        "name" : "서황",
        "info" : "[3슬롯 / 청속성 / 특수병 / 위나라 / 가까운 적 / 사거리 : 7 ]",
        "slot" : 3,
        "color":"청",
        "country":"위",
        "type":"특",
        "love"  : [],
        "skill" : "고유스킬 : 지는 상성에게 피해를 받을 때마다 공격력이 1%씩 누적 증가 (최대 40%)",
        "point" : "스킬사용시 기력소모량 : 56",
        "skill_b" : "B 스킬 : 공격력의 285%로 가장 가까운 적 1명과 그와 인접한 모든 적 타격(인접범위는 일반공격 사거리의 영향을 받음)",
        "skill_a" : "A 스킬 : 공격력의 300%로 방어무시 추가 타격하고 대상의 체력 비율이 50% 이상이면 2초간 기절 부여",
        "skill_s" : "S 스킬 : 타격한 대상에게 9초간 상흔 부여",
        "skill_point" : 56,
        "distance" : 7,
        "target" : "가까운 적"
    },
    {
        "id" : "3e",
        "name" : "손권 중모",
        "info" : "[4슬롯 / 녹속성 / 검병 / 오나라 / 가까운 적 / 사거리 : 8 ]",
        "slot" : 4,
        "color":"녹",
        "country":"오",
        "type":"검",
        "love"  : ["오왕 손권"],
        "skill" : "고유스킬 : 스킬의 체력 회복으로 최대 체력이 되면 남은 회복량만큼 자신에게 7초간 보호막 부여",
        "point" : "스킬사용시 기력소모량 : 63",
        "skill_b" : "B 스킬 : 공격력의 600%로 6회에 걸쳐 인접한 모든 적 타격하고 대상의 체력이 15% 미만이면 즉사(특수한 적은 해당되지 않음)",
        "skill_a" : "A 스킬 : 타격한 대상에게 7초간 출혈 부여. 해당 출혈량의 100%를 자신이 회복.(초당 최대 체력의 3% 피해)",
        "skill_s" : "S 스킬 : 피해량의 40%만큼 자신을 포함한 가까운 아군 2명의 체력 회복",
        "skill_point" : 63,
        "distance" : 8,
        "target" : "가까운 적"
    },
    {
        "id" : "3f",
        "name" : "노식",
        "info" : "[3슬롯 / 황속성 / 책략병 / 군웅 / 가까운 적 / 사거리 : 8 ]",
        "slot" : 3,
        "color":"황",
        "country":"군",
        "type":"책",
        "love"  : [],
        "skill" : "고유스킬 : 침묵에 면역, 스킬 피해를 받을 때마다 공격력 4%씩 누적 증가(최대 40%)",
        "point" : "스킬사용시 기력소모량 : 57",
        "skill_b" : "B 스킬 : 공격력의 260%로 체력이 가장 높은 적 2명 타격 후 5초간 침묵 부여",
        "skill_a" : "A 스킬 : 대상의 스킬 기력 소모량 15초간 12증가",
        "skill_s" : "S 스킬 : 공격타입이 책략인 모든 아군에게 12초간 노식 공격력의 100%만큼 보호막 부여",
        "skill_point" : 57,
        "distance" : 8,
        "target" : "가까운 적"
    },
    {
        "id" : "40",
        "name" : "유비 현덕",
        "info" : "[4슬롯 / 녹속성 / 검병 / 촉나라 / 가까운 적 / 사거리 : 5 ]",
        "slot" : 4,
        "color":"녹",
        "country":"촉",
        "type":"검",
        "love"  : [],
        "skill" : "고유스킬 : 자신보다 통솔력이 낮은 상대에게 피격 시 받는 피해량 20% 감소",
        "point" : "스킬사용시 기력소모량 : 63",
        "skill_b" : "B 스킬 : 시전자 최대 체력 30%만큼 가까운 아군 2명과 자신의 체력 회복",
        "skill_a" : "A 스킬 : 15초간 모든 원거리 아군의 일반 공격이 치명타가 됨",
        "skill_s" : "S 스킬 : 시전자 최대 체력의 20% 소진하여 모든 원거리 공격 아군에게 3초간 무적 부여",
        "skill_point" : 63,
        "distance" : 5,
        "target" : "가까운 적"
    }
]